"TÜRKİYE KATILIM BANKALARI ÜRÜN, KÂR PAYI VE FİNANSMAN KARSILASTIRMA TABLOSU",,,,,,
"TOM Bank, Türkiye Emlak Katılım, Türkiye Finans, Vakıf Katılım, Ziraat Katılım, Adil Katılım, Albaraka Türk, Dünya Katılım, Hayat Finans, Kuveyt Türk",,,,,,
,,,,,,
Banka,Ürün Kategorisi,Ürün / Detay,Oran (Aylık/Yıllık),Vade,Finansman / Bakiye Tutarı,Ödül / Ek Avantaj
TOM Bank,Katılma Hesabı,Günlük Kazandıran Hesap,%44.00 (Yıllık TNS),Günlük (Esnek),50.000 TL - 249.999 TL,"Esnek Çekim, Sıfır Masraf"
TOM Bank,Katılma Hesabı,Vadeli Katılma Hesabı,%30.00 - %38.00 (Yıllık),1 - 6 Ay,10.000 TL - 1.000.000 TL+,Hoş Geldin Kâr Payı Oranı
TOM Bank,İhtiyaç Finansmanı,Hadi Kredi / Alışveriş,%3.89 - %4.20 (Aylık),1 - 36 Ay,1.000 TL - 100.000 TL,"Anında Mobil Onay, A101 / Hadi Puan"
Türkiye Emlak Katılım,Katılma Hesabı,Üretenle Kazan / Standart Katılma,%28.00 - %32.00 (Yıllık),1 - 12 Ay,Min. 10.000 TL,90/10 Avantajlı Havuz Paylaşımı
Türkiye Emlak Katılım,Konut Finansmanı,İlk Evim / Standart Konut,%3.49 - %3.89 (Aylık),12 - 120 Ay,Ekspertiz Değerinin %80-%90'ı,Uygun Tahsis Ücreti (%0.5)
Türkiye Emlak Katılım,Taşıt Finansmanı,0 KM & 2. El Araç Finansmanı,%3.75 - %4.10 (Aylık),12 - 48 Ay,Fatura/Kasko Değerine Göre,Kasko Entegrasyon İndirimi
Türkiye Emlak Katılım,İhtiyaç Finansmanı,Bireysel İhtiyaç Finansmanı,%3.89 (Aylık),1 - 36 Ay,1.000 TL - 1.000.000 TL,Esnek Taksit Ödeme Planı
Türkiye Emlak Katılım,KOBİ / Ticari Finansman,Ticari Taksitli Finansman,Değişken (Müşteri Skoru),3 - 60 Ay,Limit Sınırsız (Proje Bazlı),İmalatçıya Özel Ertelemeli Taksit
Türkiye Finans,Katılma Hesabı,Yedek Hesap / Katılma Hesabı,%31.00 - %35.00 (Yıllık),32 - 365 Gün,Min. 5.000 TL,TCKN Özel Bonus Katkısı
Türkiye Finans,Konut Finansmanı,Sigortalı Konut Finansmanı,%3.49 (Aylık),12 - 120 Ay,Min. 100.000 TL,İlk Evim Desteği & İndirim
Türkiye Finans,Taşıt Finansmanı,Auto Finansman,%3.69 - %3.99 (Aylık),12 - 48 Ay,Araç Rayiç Değerine Göre,Anında Bayi Onay İmkanı
Türkiye Finans,İhtiyaç Finansmanı,Hızlı İhtiyaç Finansmanı,%3.79 - %4.15 (Aylık),1 - 36 Ay,Max 500.000 TL,Happy Card Bonus Puan
Türkiye Finans,KOBİ / Ticari Finansman,İş Yeri & Araç Finansmanı,Özel Skorlama Oranı,12 - 60 Ay,Proje / Teminat Başına,6 Ay Ödemesiz Dönem İmkanı
Vakıf Katılım,Katılma Hesabı,Standart TL Katılma Hesabı,%31.50 - %36.90 (Yıllık),1 - 12 Ay,Min. 250 TL,Yüksek Paylaşım Oranı
Vakıf Katılım,Konut Finansmanı,Konut Finansmanı Paketi,%2.99 - %3.38 (Aylık),1 - 120 Ay,1.000 TL - 2.000.000 TL,Ekspertiz Ücretsiz Kampanyası
Vakıf Katılım,Taşıt Finansmanı,0 KM / 2. El Taşıt Finansmanı,%3.59 - %3.89 (Aylık),1 - 48 Ay,Kasko Değeri Oranında,Tamamlayıcı Sigorta İndirimi
Vakıf Katılım,İhtiyaç Finansmanı,Bireysel İhtiyaç Finansmanı,%3.75 - %3.99 (Aylık),1 - 36 Ay,Fatura Tutarına Göre %100,Nakit Avans Hediyeli Kampanya
Vakıf Katılım,KOBİ / Ticari Finansman,İş Yeri & Ticari Araç Finansmanı,Özel Kampanya Oranı,1 - 60 Ay,Ekspertiz Değerinin %100'ü,KGF Destekli Finansman Seçeneği
Ziraat Katılım,Katılma Hesabı,TL Katılma Hesabı,%28.03 - %31.88 (Yıllık),1 - 12 Ay,Min. 1.000 TL,Devlet Bankası Güvencesi
Ziraat Katılım,Konut Finansmanı,Bireysel Konut Finansmanı,%3.39 - %3.49 (Aylık),1 - 120 Ay,BDDK Limitlerine Göre,Ortak Tapu Finansman İmkânı
Ziraat Katılım,Taşıt Finansmanı,Bireysel Taşıt Finansmanı,%3.49 - %3.79 (Aylık),1 - 48 Ay,Fatura / Kasko Oranlı,Yerli Üretime Özel İndirimli Oran
Ziraat Katılım,İhtiyaç Finansmanı,Bireysel İhtiyaç Finansmanı,%3.49 - %3.89 (Aylık),1 - 36 Ay,Max Yasal Sınır,Masrafsız İhtiyaç Paketi
Ziraat Katılım,KOBİ / Ticari Finansman,Ticari Taksitli / İmalat Finansmanı,Merkez Bankası Endeksli,3 - 60 Ay,Limit Proje Bazlı,12 Ay Anapara Ödemesiz Dönem
Adil Katılım,Katılma Hesabı,Dijital Katılma Hesabı (Ön Başvuru),Havuz Performansına Bağlı,1 - 12 Ay,Esnek Bakiye,"Sıfır Masraf, Dijital İndirimler"
Adil Katılım,İhtiyaç Finansmanı,Bireysel Dijital Finansman,%3.79 - %4.19 (Tahmini Aylık),1 - 36 Ay,1.000 TL - 250.000 TL,7/24 Şubesiz Hızlı Onay
Adil Katılım,KOBİ / Ticari Finansman,Dijital Mikro Ticari Finansman,Proje / Risk Bazlı,3 - 36 Ay,KOBİ Limitlerine Göre,API Entegrasyonlu Ticaret Desteği
Albaraka Türk,Katılma Hesabı,Bereketli Katılma Hesabı,%32.00 - %38.50 (Yıllık),31 - 365 Gün,Min. 10.000 TL,%90 Katılım Havuzu Payı
Albaraka Türk,Konut Finansmanı,Düşlerimin Evi / Konut Finansmanı,%3.39 - %3.69 (Aylık),12 - 120 Ay,Ekspertiz Değerinin %80'i,Esnek Taksit Ödeme Seçeneği
Albaraka Türk,Taşıt Finansmanı,Düşlerimin Arabası Finansmanı,%3.65 - %3.99 (Aylık),12 - 48 Ay,Fatura / Kasko Değerine Göre,Kasko Kampanyası & Hızlı Onay
Albaraka Türk,İhtiyaç Finansmanı,Hızlı Bireysel İhtiyaç Finansmanı,%3.75 - %4.10 (Aylık),1 - 36 Ay,1.000 TL - 500.000 TL,Worldcard Puan Kazancı
Albaraka Türk,KOBİ / Ticari Finansman,Ticari Taksitli / İhracat Finansmanı,Özel Skorlama / Libor-TRLIBOR,3 - 60 Ay,Proje Bazlı Sınırsız,KGF Destekli & MÜSİAD İndirimi
Dünya Katılım,Katılma Hesabı,Standart Katılma Hesabı (Ön Hazırlık),Havuz Getiri Paylı,1 - 12 Ay,Esnek Limit,Dijital Bankacılık Sıfır Ücret
Dünya Katılım,İhtiyaç Finansmanı,Dijital İhtiyaç Finansmanı,%3.85 - %4.15 (Tahmini Aylık),1 - 36 Ay,5.000 TL - 200.000 TL,Mobil Ön Başvuru Kolaylığı
Dünya Katılım,KOBİ / Ticari Finansman,KOBİ Tedarik Finansmanı,Piyasa Endeksli,3 - 36 Ay,Fatura Büyüklüğüne Göre,Tedarik Zinciri Finansmanı Esnekliği
Hayat Finans,Katılma Hesabı,Mobil Katılma Hesabı,%40.00 - %45.00 (Yıllık Brüt Tahmini),Günlük / 31 - 180 Gün,1 TL - 1.000.000 TL+,Tamamen Ücretsiz EFT/FAST/EFT
Hayat Finans,Konut Finansmanı,Dijital Konut Finansmanı,%3.45 - %3.75 (Aylık),12 - 120 Ay,BDDK Limitleri / %80'e Kadar,Şubesiz Evden Başvuru & Dosya Masrafsız
Hayat Finans,Taşıt Finansmanı,Dijital Taşıt Finansmanı,%3.69 - %3.99 (Aylık),12 - 48 Ay,Fatura / Kasko Tutarına Göre,"Sıfır Evrak, Mobil Onay"
Hayat Finans,İhtiyaç Finansmanı,Anında İhtiyaç Finansmanı,%3.79 - %4.09 (Aylık),1 - 36 Ay,1.000 TL - 300.000 TL,Hayat Finans Kart İndirimleri
Hayat Finans,KOBİ / Ticari Finansman,Dijital Şahıs Şirketi & KOBİ Finansmanı,Risk Skoru Bazlı,1 - 36 Ay,500.000 TL'ye Kadar Dijital Limit,Ücretsiz Pos & Ticari İşlem Avantajı
Kuveyt Türk,Katılma Hesabı,Dönüşümlü Katılma / Klasik Katılma,%30.00 - %36.50 (Yıllık),1 - 12 Ay,Min. 1.000 TL,Sağlam Kart Bonus Puan İmkânı
Kuveyt Türk,Konut Finansmanı,Prestij Konut / Standart Konut,%3.29 - %3.59 (Aylık),1 - 120 Ay,Ekspertiz Değerinin %80-%90'ı,Kentsel Dönüşüm Özel Desteği
Kuveyt Türk,Taşıt Finansmanı,Araç Finansmanı (0 KM & 2. El),%3.55 - %3.85 (Aylık),1 - 48 Ay,Kasko / Fatura Değerine Göre,Yerli Elektrikli Araç Özel Oranı
Kuveyt Türk,İhtiyaç Finansmanı,Cebimden İhtiyaç Finansmanı,%3.69 - %3.99 (Aylık),1 - 36 Ay,1.000 TL - 500.000 TL,Taksitli Harcama / Eğitim İndirimi
Kuveyt Türk,KOBİ / Ticari Finansman,Ticari Taksitli & İmalatçı Finansmanı,Müşteri / Teminat Bazlı,3 - 60 Ay,Proje Bazlı Esnek Limit,"KGF, Eximbank Destekleri & Leasing"
