banka,urun_adi_veya_baslik,kar_payi_orani_raw,vade_raw,finansman_tutari_raw,tahsis_ucreti_raw,masraf_bilgisi,odul_miktari_raw,alisveris_puani_raw,indirim_orani_raw,kampanya_baslangic_tarihi,kampanya_bitis_tarihi,urun_ailesi,kampanya_turu,hedef_kitle,kampanya_kosullari,avantajlar,_kaynak_url,_metin_ozeti
Albaraka Türk,BES Teminatlı Finansman,,,,,,,,,,,,,,,,https://www.albaraka.com.tr/tr/bireysel/finansmanlar/birikimlerinizi-koruyan-bes-teminatli-finansman-albarakada,"Albaraka Mobil Mobil Bankacılık Aç BES Teminatlı Finansman Anasayfa Bireysel Finansmanlar BES Teminatlı Finansman Konut Finansmanı Taşıt Finansmanı Gayrimenkul Finansmanı Bayide Finansman İhtiyaç Finansmanı BES Teminatlı Finansman Findeks Kredi Notu Öğrenme Müşteri Ol Birikimlerinizi Koruyan, BES Te"
Albaraka Türk,Findeks Kredi Notu Öğrenme,,,,,,,,,,,,,,,,https://www.albaraka.com.tr/tr/bireysel/finansmanlar/kredi-notu-ogrenme,"Albaraka Mobil Mobil Bankacılık Aç Findeks Kredi Notu Öğrenme Anasayfa Bireysel Finansmanlar Findeks Kredi Notu Öğrenme Konut Finansmanı Taşıt Finansmanı Gayrimenkul Finansmanı Bayide Finansman İhtiyaç Finansmanı BES Teminatlı Finansman Findeks Kredi Notu Öğrenme Müşteri Ol Findeks Kredi Notu, sigor"
Albaraka Türk,Hesaplar ile Birikimlerinizi Değerlendirin,,,,,,,,,,,,,,,,https://www.albaraka.com.tr/tr/bireysel/hesaplar,"Albaraka Mobil Mobil Bankacılık Aç Hesaplar Anasayfa Bireysel Hesaplar Cari Hesaplar Altın Hesapları Gümüş Hesabı TMSF Güvencesi Katılma Hesapları Cari Hesaplar Cari hesaplar; vadesiz olarak açabildiğiniz, istediğiniz zaman para yatırılıp çekebildiğiniz, karşılığında kâr payı ödemesi gerçekleştirmey"
Albaraka Türk,Altın Hesapları,,6 ay ve üzeri,500 - 5.000 gr altın,,Kârlı Altın Hesabı hesap işletim ücretinden muaf,,,,,,mevduat,,,,,https://www.albaraka.com.tr/tr/bireysel/hesaplar/altin-hesaplari,Albaraka Mobil Mobil Bankacılık Aç Altın Hesapları Anasayfa Bireysel Hesaplar Altın Hesapları Kârlı Altın Hesabı Altın Birikim Hesabı Altın Cari Hesabı Fiziki Altın Toplama Kuyumcular Vasıtasıyla Altın Toplama Kârlı Altın Hesabı Kârlı Altın Hesabı altın cinsinden açtığınız katılma hesabıdır. Hesap i
Albaraka Türk,Hisse Senedi İşlemleri / Yatırım Hesabı,,,,,,,,,,,,,,,,https://www.albaraka.com.tr/tr/bireysel/yatirim/sermaye-piyasasi-urunleri/hisse-senedi-islemleri,"Albaraka Mobil Mobil Bankacılık Aç Hisse Senedi İşlemleri Anasayfa Bireysel Yatırım Sermaye Piyasası Ürünleri Hisse Senedi İşlemleri Kira Sertifikası (Sukuk) Hisse Senedi İşlemleri Özel Fon Havuzuna Dayalı Kira Sertifikası Halka Arz Albaraka Mobil İndir Müşteri Ol Hisse senedi, yurtiçi ve yurtdışı b"
Albaraka Türk,Yatırım Hesabı,,,,,,,,,,,,,,,,https://www.albaraka.com.tr/tr/bireysel/yatirim/yatirim-hesabi,Albaraka Mobil Mobil Bankacılık Aç Yatırım Hesabı Anasayfa Bireysel Yatırım Yatırım Hesabı Yatırım Hesabı Platformlar Yatırım Fonları Sermaye Piyasası Ürünleri Hazine Ürünleri albaFX Albaraka Mobil İndir Yatırım Hesabı; Menkul Kıymetlerin alım-satımı için açılması gereken özel nitelikli bir hesaptır
Albaraka Türk,Kart Güvenliği,,,,,,,,,,,,,,,,https://www.albaraka.com.tr/tr/dijital-bankacilik/guvenlik/kart-guvenligi,Albaraka Mobil Mobil Bankacılık Aç Kart Güvenliği Anasayfa Dijital Bankacılık Güvenlik Kart Güvenliği Kart Güvenliği Güvenlik İpuçları Albaraka Türk olarak güvenliğinize azami önem göstermekteyiz. Güvenliğinizi en yüksek seviyede tutabilmek için siz müşterilerimizin de kartlarını kullanırken dikkat 
Albaraka Türk,Döviz Kuru Hesaplama ve Çevirici,,,,,,,,,,,,,,,,https://www.albaraka.com.tr/tr/hesaplama-araclari/doviz-cevirici,Albaraka Mobil Mobil Bankacılık Aç Döviz Kuru Hesaplama ve Döviz Çevirici Anasayfa Hesaplama Araçları Döviz Kuru Hesaplama ve Döviz Çevirici Finansman Hesaplama Kâr Payı Hesaplama Döviz Kuru Hesaplama ve Döviz Çevirici Döviz Çevirici Döviz Al Döviz Sat Alım Yapılacak Tutar TL USD EUR GBP CHF NOK DKK
Albaraka Türk,Katılma Hesabı,,,,,,,,,,,,,,,,https://www.albaraka.com.tr/tr/hesaplama-araclari/kar-payi-hesaplama,Albaraka Mobil Mobil Bankacılık Aç Kâr Payı Hesaplama Anasayfa Hesaplama Araçları Kâr Payı Hesaplama Finansman Hesaplama Kâr Payı Hesaplama Döviz Kuru Hesaplama ve Döviz Çevirici Albaraka Türk Katılım Bankası kâr payı hesaplama aracı ile tüm katılma hesaplarınızda katılım bankacılığı prensipleri çer
Albaraka Türk,Leasing - Finansal Kiralama,,,,,,,,,,,,,,,,https://www.albaraka.com.tr/tr/kobi/finansmanlar/leasing-finansal-kiralama,"Albaraka Mobil Mobil Bankacılık Aç Leasing - Finansal Kiralama Anasayfa KOBİ Finansmanlar Leasing - Finansal Kiralama Kobi Nakdi Finansman Kobi Gayri Nakdi Finansman Leasing - Finansal Kiralama Katılım Finans Kefalet (KFK) Bayide Finansman Hayal ettiğiniz işi kurmayı, işinizi geliştirmeyi veya kulla"
Albaraka Türk,Leasing - Finansal Kiralama,,,,,,,,,,,,,,,,https://www.albaraka.com.tr/tr/ticari-ve-kurumsal/finansmanlar/leasing-finansal-kiralama,Albaraka Mobil Mobil Bankacılık Aç Leasing - Finansal Kiralama Anasayfa Ticari ve Kurumsal Finansmanlar Leasing - Finansal Kiralama Ticari Nakdi Finansman Ticari Gayri Nakdi Finansman Leasing - Finansal Kiralama Katılım Finans Kefalet (KFK) Bayide Finansman Yeni yatırım planlarınız mı var? Hayal ett
Dünya Katılım,Döviz ve Kıymetli Maden İşlemleri,,,,,,,,,,,,,,,,https://dunyakatilim.com.tr/kampanyalar/avantajli-kurlar,"Anasayfa Kampanyalar Avantajlı Kurlar Kur Farkıyla Öndesin! Döviz, altın, gümüş ve tüm yatırımlarınız için benzersiz kurlar Dünya Katılım’da sizi bekliyor. Dünya Katılım ile Döviz ve Kıymetli Maden İşlemleri Dünya Katılım’ın döviz ve kıymetli maden alım satım hizmeti, yatırımcılar için uluslararası "
Dünya Katılım,Araç Finansmanı,,,,,,,,,,,,,,,,https://dunyakatilim.com.tr/kendim-icin/finansmanlar/arac-finansmanlari/arac-finansmani,"Anasayfa Kendim Için Içerik Finansmanlar Araç Finansmanları Araç Finansmanı Araç Finansmanı Dünya Katılım Araç Finansmanı Nedir? Araç finansmanı, sıfır ya da ikinci el bir araca kolay ve güvenli şekilde sahip olabilmeniz için sunulan, katılım esaslarına uygun bir finansman desteğidir. Bu yöntem saye"
Dünya Katılım,FERAH Cari Hesap,,,,,,,,,,,,,,,,https://dunyakatilim.com.tr/kendim-icin/hesaplar/cari-hesaplar/ferah-hesap,"Anasayfa Kendim Için Içerik Hesaplar Cari Hesaplar Ferah Hesap FERAH Cari Hesap FERAH Nedir? FERAH Cari Hesap, fiziki erişimi rahat altın kurları (FERAH kurlar) üzerinden altın birikimi yapmanıza imkân tanıyan, birikimlerinizi dilediğinizde fiziki altın olarak masrafsız çekebileceğiniz özel bir altı"
Dünya Katılım,Kartlar,,,,,,,,,,,,,,,,https://dunyakatilim.com.tr/kendim-icin/kartlar,"Anasayfa Kendim Için Içerik Kartlar Kartlar Bankamızın kredi kartları ve banka kartlarıyla tüm yurt içi alışverişlerinizi temassız, güvenle ve kolayca yapabilirsiniz. Kredi Kartları Banka Kartları Kredi Kartları Paraf Platinum Kredi Kartı Dünya Katılım Paraf Platinum Kredi Kartı’nın Paraf Para, taks"
Dünya Katılım,"Dünya Katılım Bankası, girişimci ekosistemini desteklemek adına Fonangels ile iş birliğine gitti. | Dünya Katılım",,,,,,,,,,,,,,,,https://www.dunyakatilim.com.tr/haberler/dunya-katilim-bankasi-girisimci-ekosistemini-desteklemek-adina-fonangels-ile-is-birligine-gitti,"Anasayfa Haberler Dünya Katılım Bankası, girişimci ekosistemini desteklemek adına Fonangels ile iş birliğine gitti. Dünya Katılım Bankası, girişimci ekosistemini desteklemek adına Fonangels ile iş birliğine gitti. Dünya Katılım, girişimciler ve yatırımcıları buluşturan yeni nesil kitle fonlama platf"
Dünya Katılım,Dünya Katılım Bankası sermayesini artırmaya devam ediyor. | Dünya Katılım,,,,,,,,,,,,,,,,https://www.dunyakatilim.com.tr/haberler/dunya-katilim-bankasi-sermayesini-artirmaya-devam-ediyor,"Anasayfa Haberler Dünya Katılım Bankası sermayesini artırmaya devam ediyor. Dünya Katılım Bankası sermayesini artırmaya devam ediyor. Dünya Katılım, hedefleri ve büyüme vizyonu doğrultusunda sermayesini artırmaya devam ediyor. 2024 yılının ilk yarısında sermayesini önce 100 milyon TL’den 3 milyar TL"
Dünya Katılım,Kampanyalar | Dünya Katılım,,,,,,,,,,,,,,,,https://www.dunyakatilim.com.tr/kampanyalar,"Anasayfa Kampanyalar Kampanyalar KENDİM İÇİN İŞİM İÇİN Tüm Kampanyalar Tümü Yeni Müşteri Kampanyaları Paraf Kampanyaları Finansman Kampanyaları Sigorta Kampanyaları Yatırım Kampanyaları Kart Kampanyaları Geçmiş Kampanyalar Daha Fazla Tüm site ziyaretçilerimizi daha iyi tanımak, sitemizdeki kullanıcı"
Kuveyt Türk,BSMV (Banka ve Sigorta Muameleleri Vergisi) Bilgilendirme,,,,,,,,,,,,,,,,https://www.kuveytturk.com.tr/blog/finans/finansal-seffaflik-bsmv-banka-ve-sigorta-muameleleri-vergisi-nedir-ve-nasil-hesaplanir,"Finansal Şeffaflık: BSMV (Banka ve Sigorta Muameleleri Vergisi) Nedir ve Nasıl Hesaplanır? Ana Sayfa Blog Yatırım ve Finans Geri Dön 21 Ağustos 2026 7 dk. Facebook'da paylaş X'de paylaş LinkedIn'de paylaş Whatsapp'da paylaş − A + Finansal işlemlerin gerçek maliyetini anlamak, bütçenizi daha bilinçli"
Kuveyt Türk,Elektronik Ürün Senedi (ELÜS) Teminatlı Finansman,,,%100 teminatla nakit ihtiyacı,,,,,,,,finansman,,,Elektronik Ürün Senedi (ELÜS) teminatı gereklidir; zirai faaliyet için kullanılır,,https://www.kuveytturk.com.tr/isim-icin/tarim-bankaciligi/elektronik-urun-senedi-elus-teminatli-finansman,Ana Sayfa İşim İçin Tarım Bankacılığı Elektronik Ürün Senedi (ELÜS) Teminatlı Finansman Sağlam Tohum Kart Tarım ve Hayvancılık Sektörüne Özel Kampanyalar Tarım POS Tarım ve Hayvancılık Finansmanı Çiftçilere Uzaktan Hesap Açılışı Tarsim Elektronik Ürün Senedi (ELÜS) Teminatlı Finansman Elektronik Ürü
Kuveyt Türk,Kuveyt Türk Haftalık Ekonomi Bülteni,,,,,,,,,,,,,,,,https://www.kuveytturk.com.tr/isim-icin/yatirim/kuveyt-turk-haftalik-ekonomi-bulteni,"Ana Sayfa İşim İçin Yatırım Kuveyt Türk Haftalık Ekonomi Bülteni Hesaplar Hazine Ürünleri Sermaye Piyasası Ürünleri Kuveyt Türk Haftalık Ekonomi Bülteni Kuveyt Türk Haftalık Ekonomi Bülteni Kurumsal ve Ticari Müşteriler için Haftalık Ekonomi Bülteni Kuveyt Türk Pörtföy Yönetimi, siz değerli müşteril"
Kuveyt Türk,Kart Karşılaştırma,,,,,,,,,,,,,,,,https://www.kuveytturk.com.tr/kart-karsilastirma/kendim-icin,"Ana Sayfa Kendim İçin Kartlar Kart Karşılaştırma Kredi Kartları Banka Kartları Kartlarımızın Ortak Özellikleri Harcama İtirazı (Chargeback) Nasıl Yapılır? Kart Karşılaştırma Kart Karşılaştırma Kendim İçin İşim İçin Sağlam Kart Sağlam Kart Klasik'te kart ücreti yok, eğitim ve sağlık harcamalarında va"
Kuveyt Türk,Yatırım Hesabı,,,,,,,,,,,,,,,,https://www.kuveytturk.com.tr/kendim-icin/hesaplar/yatirim-hesabi,Ana Sayfa Kendim İçin Hesaplar Yatırım Hesabı Cari Hesaplar Katılma Hesapları Altın Hesapları Yatırım Hesabı Diğer Kıymetli Maden Hesapları IBAN Sorgulama TMSF Güvencesi Yatırım Hesabı Kuveyt Türk Mobil üzerinden Yatırım Hesabı açmak ve birikimi güçlendirmek hiç olmadığı kadar kolay! Birikimlerinizi
Kuveyt Türk,Sağlam Kart Kampüs,,,,,,Toplamda 13.500 TL hediye,,,,,kart,Kart Kampanyası,üniversite öğrencileri,Yakınını getir 10.000 TL'ye varan hediye; eğitim harcamalarında 5 taksit,Restoran ve market harcamalarına %10 indirim; tüm banka ATM'leri ücretsiz; kart ücreti yok,https://www.kuveytturk.com.tr/kendim-icin/kampus/egitim-harcamalarinda-saglam-avantaj-5-taksit-firsati,Ana Sayfa Kendim İçin Kampüs Eğitim Harcamalarında Sağlam Avantaj: 5 Taksit Fırsatı! Kampüs Nedir? Ayın Kampüslüsü’ne Özel Fırsatlar! Kuveyt Türk Kampüs’e Gelenlere Toplamda 13.500 TL Hediye! Bir Defa Yurt Dışı Çıkış Harcın Kampüs'ten! Eğitim Harcamalarında Sağlam Avantaj: 5 Taksit Fırsatı! Kampüs’l
Kuveyt Türk,Sağlam Kart Kampüs,,,,,,Toplamda 13.500 TL hediye,,,,,kart,Kart Kampanyası,üniversite öğrencileri,Yakınını getir 10.000 TL'ye varan hediye; eğitim harcamalarında 5 taksit,Restoran ve market harcamalarına %10 indirim; tüm banka ATM'leri ücretsiz; kart ücreti yok,https://www.kuveytturk.com.tr/kendim-icin/kampus/saglam-kart-kampuse-basvur,Ana Sayfa Kendim İçin Kampüs Sağlam Kart Kampüs'e Başvur! Kampüs Nedir? Ayın Kampüslüsü’ne Özel Fırsatlar! Kuveyt Türk Kampüs’e Gelenlere Toplamda 13.500 TL Hediye! Bir Defa Yurt Dışı Çıkış Harcın Kampüs'ten! Eğitim Harcamalarında Sağlam Avantaj: 5 Taksit Fırsatı! Kampüs’le Finansı Keşfet! Sağlam Ka
Kuveyt Türk,Harcama İtirazı (Chargeback),,,,,,,,,,,,,,,,https://www.kuveytturk.com.tr/kendim-icin/kartlar/harcama-itirazi-chargeback-nasil-yapilir,Ana Sayfa Kendim İçin Kartlar Harcama İtirazı (Chargeback) Nasıl Yapılır? Kredi Kartları Banka Kartları Kartlarımızın Ortak Özellikleri Harcama İtirazı (Chargeback) Nasıl Yapılır? Kart Karşılaştırma Harcama İtirazı (Chargeback) Nasıl Yapılır? Kuveyt Türk kartlarıınızdaki işlemlerle ilgili harcama it
Kuveyt Türk,Kartlarımızın Ortak Özellikleri,,,,,,,,,,,,,,,,https://www.kuveytturk.com.tr/kendim-icin/kartlar/kartlarimizin-ortak-ozellikleri,Ana Sayfa Kendim İçin Kartlar Kartlarımızın Ortak Özellikleri Kredi Kartları Banka Kartları Kartlarımızın Ortak Özellikleri Harcama İtirazı (Chargeback) Nasıl Yapılır? Kart Karşılaştırma Kartlarımızın Ortak Özellikleri Kuveyt Türk kartlarımızın ortak özelliklerine buradan ulaşabilirsiniz Şifre Oluşt
Kuveyt Türk,Özel Bankacılık,,,,,,,,,,,,,,,,https://www.kuveytturk.com.tr/kendim-icin/ozel-bankacilik/ozel-bankacilik-kredi-karti,"444 7 323 Özel Çağrı Merkezi Numaramız 7/24 Hizmetinizde. Özel Bankacılık, varlıklarınızı büyütmek için çözümler sunar. Hemen İncele 444 7 323 Özel Çağrı Merkezi Numaramız 7/24 Hizmetinizde. Özel Bankacılık, varlıklarınızı büyütmek için çözümler sunar. Hemen İncele Kartlar Kültür Sanat Hizmet Noktal"
Kuveyt Türk,Kuvety Türk Portföy Birinci Katılım (TL) Fonu,,,,,,,,,,,,,,,,https://www.kuveytturk.com.tr/kendim-icin/yatirim-urunleri/fonum-ne-getirdi,Ana Sayfa Kendim İçin Yatırım Ürünleri Fonum Ne Getirdi? Hazine Ürünleri Sermaye Piyasası Ürünleri Yatırım Rehberim Fonum Ne Getirdi? Yatırım Rehberim Fonum Ne Getirdi? Bireysel Yatırımcı Kurumsal Yatırımcı KTM KUVEYT TÜRK PORTFÖY KUVEYT TÜRK PORTFÖY BİRİNCİ KATILIM (TL) FONU Yatırım Tutarı Yatırım 
Kuveyt Türk,Döviz Alım Satımı,,,,,,,,,,,,,,,,https://www.kuveytturk.com.tr/kendim-icin/yatirim-urunleri/hazine-urunleri/doviz-alim-satimi,Ana Sayfa Kendim İçin Yatırım Ürünleri Hazine Ürünleri Döviz Alım Satımı Kıymetli Maden Alım Satımı Döviz Alım Satımı Canlı Altın Fiyatları ve Altın Kuru Canlı Gümüş Fiyatları ve Gram Gümüş Hesaplama Canlı Platin Fiyatları ve Platin Kuru Canlı Paladyum Fiyatları ve Paladyum Kuru Döviz Alım Satımı Dö
Kuveyt Türk,Yatırım Fonları,,,,,,,,,,,,,,,,https://www.kuveytturk.com.tr/kendim-icin/yatirim-urunleri/sermaye-piyasasi-urunleri/yatirim-fonlari,Ana Sayfa Kendim İçin Yatırım Ürünleri Sermaye Piyasası Ürünleri Yatırım Fonları Kira Sertifikası Sıkça Sorulan Sorular Hisse Senedi Yatırım Fonları TradePlus Yatırım Fonları Yatırım Fonları işlemlerinizi ayrıcalıklı hizmetlerden yararlanarak Kuveyt Türk'te gerçekleştirin! Yatırım Fonları Rehberi Ya
Türkiye Emlak Katılım,Konut Finansmanı,,,,,,,,,,,,,,,,https://www.emlakbank.com.tr/tr/bireysel/finansmanlar/konut-finansmani,Türkiye Emlak Katılım Bankası A.Ş. internet sitesini ziyaretiniz esnasında kullanılabilecek çerezler ve benzeri teknolojiler hakkında bilgi vermek amacıyla işbu Çerez Politikası’nı hazırlanmıştır. Konut Finansmanı Ana sayfa Bireysel Finansmanlar Konut Finansmanı × Your browser does not support the a
Türkiye Emlak Katılım,Katılma Hesabı,,,,,,,,,,,,,,,,https://www.emlakbank.com.tr/tr/bireysel/hesaplar/katilma-hesaplari/katilma-hesabi,Türkiye Emlak Katılım Bankası A.Ş. internet sitesini ziyaretiniz esnasında kullanılabilecek çerezler ve benzeri teknolojiler hakkında bilgi vermek amacıyla işbu Çerez Politikası’nı hazırlanmıştır. Katılma Hesabı Ana sayfa Bireysel Hesaplar Katılma Hesapları Katılma Hesabı × Your browser does not sup
Türkiye Emlak Katılım,Finansmanlar,,,,,,,,,,,,,,,,https://www.emlakbank.com.tr/tr/kurumsal/finansmanlar,Türkiye Emlak Katılım Bankası A.Ş. internet sitesini ziyaretiniz esnasında kullanılabilecek çerezler ve benzeri teknolojiler hakkında bilgi vermek amacıyla işbu Çerez Politikası’nı hazırlanmıştır. Finansmanlar Ana sayfa Kurumsal Finansmanlar Nakdi Finansman Kurumsal müşterilerimizin nakdi olarak kul
Vakıf Katılım,Finansmanlar,,,,,,,,,,,,,,,,https://www.vakifkatilim.com.tr/tr/kendim-icin/finansmanlar,Müşteri Ol Kendim İçin SİZE ÖZEL ÇÖZÜMLER ÜRÜN VE HİZMETLERİMİZ İşim İçin SİZE ÖZEL ÇÖZÜMLER ÜRÜN VE HİZMETLERİMİZ Hakkımızda Ana Sayfa Kendim İçin Finansmanlar Finansmanlar Başvuru Yap Konut Finansmanı Vakıf Katılım tarafından sunulan konut finansmanı desteği ile hayalinizdeki eve kavuşabilir ya da
Vakıf Katılım,Katılma Hesapları,,,,,,,,,,,,,,,,https://www.vakifkatilim.com.tr/tr/kendim-icin/hesaplar/katilma-hesaplari,"Müşteri Ol Kendim İçin SİZE ÖZEL ÇÖZÜMLER ÜRÜN VE HİZMETLERİMİZ İşim İçin SİZE ÖZEL ÇÖZÜMLER ÜRÜN VE HİZMETLERİMİZ Hakkımızda Ana Sayfa Kendim İçin Hesaplar Katılma Hesapları Katılma Hesapları Katılma hesapları, ""emek-sermaye ortaklığı"" çerçevesinde kullandırılan fonlardan elde edilen gelirlerin hes"
Vakıf Katılım,Katılma Hesapları,,,,,,,,,,,,,,,,https://www.vakifkatilim.com.tr/tr/kendim-icin/hesaplar/katilma-hesaplari/kar-paylasim-oranlari,"Müşteri Ol Kendim İçin SİZE ÖZEL ÇÖZÜMLER ÜRÜN VE HİZMETLERİMİZ İşim İçin SİZE ÖZEL ÇÖZÜMLER ÜRÜN VE HİZMETLERİMİZ Hakkımızda Ana Sayfa Kendim İçin Hesaplar Katılma Hesapları Kâr Paylaşım Oranları Kâr Paylaşım Oranları TL, USD, EUR ve altın para cinslerinde uygun kâr paylaşım oranları Vakıf Katılım'"
Vakıf Katılım,VKart,,,,,,,,,02.01.2026,31.12.2026,kart,Kart Kampanyası,,2.000 TL - 100.000 TL arası sağlık harcamaları için geçerlidir; ödemeler bireysel Vakıf Katılım Kredi Kartı ile yapılmalıdır,Sağlık harcamalarında vade farksız 5 taksit,https://www.vakifkatilim.com.tr/tr/kendim-icin/kampanyalar/detay/vkartla-saglikta-vade-farksiz-5-taksit,Müşteri Ol Kendim İçin SİZE ÖZEL ÇÖZÜMLER ÜRÜN VE HİZMETLERİMİZ İşim İçin SİZE ÖZEL ÇÖZÜMLER ÜRÜN VE HİZMETLERİMİZ Hakkımızda Ana Sayfa Kendim İçin Kampanyalar VKart’la Sağlıkta Vade Farksız 5 Taksit Kampanya Geçerlilik Tarihi 02 Ocak 2026 - 31 Aralık 2026 Kampanya Detayları 31 Aralık 2026 tarihine 
Ziraat Katılım,Evden Üretim Hesabı,,,,,,,,,,,,,,,,https://www.ziraatkatilim.com.tr/bireysel/hesaplar/evden-uretim-hesabi,Evden Üretim Hesabı Evden Üretim Hesabı Nedir? 7256 no.lu kanuna 11/11/2020 de ekleme yapılan yasal düzenleme ile “ayrı bir işyeri açmaksızın ve sanayi tipi veya seri üretim yapabilen makine ve alet kullanmaksızın oturdukları ev/meskende imal ettikleri malları internet vb. elektronik ortamlar üzerin
Ziraat Katılım,Katılma Hesapları,,,,,,,,,,,,,,,,https://www.ziraatkatilim.com.tr/bireysel/hesaplar/katilma-hesaplari,"Katılma Hesapları Katılma Hesabı Tasarruflarınızın katılım bankacılığı prensipleri doğrultusunda, faizsiz bankacılık anlayışı çerçevesinde sanayi, ticaret ve hizmet sektörlerinin finansmanında değerlendirildiği ve gelirinin Ziraat Katılım ile hesap sahibi arasında kâr-zarar ortaklığı çerçevesinde pa"
Ziraat Katılım,Sosyal Medya İçerik Üreticisi Hesabı,,,,,,,,,,,,,,,,https://www.ziraatkatilim.com.tr/bireysel/hesaplar/sosyal-medya-icerik-ureticisi-hesabi,"Sosyal Medya İçerik Üreticisi Hesabı Sosyal medya üzerinden elde etmiş olduğunuz kazançları herhangi bir beyanname bulunmadan otomatik olarak vergilendirilerek tahsilatlarının yapıldığı özel cari hesap türüdür. Özellikleri İnternet ve benzeri elektronik ortamlar üzerinden metin, görüntü, ses, video "
Ziraat Katılım,Aile Kart (TROY),,,,,,,,,,,,,,,,https://www.ziraatkatilim.com.tr/bireysel/kartlar/aile-kart-troy,"Aile Kart (TROY) Aile Kart (TROY), katılım bankacılığı prensiplerine uygun yapısıyla ailelerin finansal yaşamına güven, kontrol ve değer odaklı bir yaklaşım kazandırır. Böylece finansal alışkanlıklar, aile değerleriyle uyumlu gelişir. Ebeveynler harcamaları şeffaf biçimde takip edebilir, finansal al"
Ziraat Katılım,Bağımsız Kart (TROY),,,,,,,,,,,,,,,,https://www.ziraatkatilim.com.tr/bireysel/kartlar/bagimsiz-kart-troy,"Bağımsız Kart (TROY) Bağımsız Kart, katılım bankacılığı prensiplerini Yeşilay’ın bağımlılıklardan uzak duruşuyla birleştiren özel bir kredi kartıdır. Gençlerimizin ve toplumsal sorumluluk bilinci yüksek bireylerimizin harcamalarını toplumsal değerlerimizle uyumlu şekilde gerçekleştirmelerine imkân t"
Ziraat Katılım,Banka Kartı,,,,,,,,,,,,,,,,https://www.ziraatkatilim.com.tr/bireysel/kartlar/banka-karti,"Banka Kartı Banka Kartı Nedir? Banka kartı, Bankamız tarafından müşterilere açılan cari hesaplara tanımlanan ve günlük belirlenen limitler dâhilinde alışveriş ve para çekme işlemi yapılmasına olanak sağlayan bir ödeme aracıdır. Neden Banka Kartı Almalıyım? Temassız özelliği bulunan kartlar ile 2.500"
Ziraat Katılım,Bankkart,,,,,,,,,,,,,,,,https://www.ziraatkatilim.com.tr/bireysel/kartlar/bankkart-ucretsiz,Bankkart (Ücretsiz) Ziraat Katılım Bankkart ücretsiz kartınız için kart aidat ücreti ödemezsiniz. 2.500 TL ve altındaki temassız alışveriş işlemlerinizi şifre girmeden gerçekleştirebilirsiniz. Katılım Mobil üzerinden harcamalarınızı kontrol edebilirsiniz. İnternet üzerinden gerçekleştireceğiniz alış
Ziraat Katılım,2.El Araç Alım Satımı Güvenli Ödeme Sistemi,,,,,,,,,,,,,,,,https://www.ziraatkatilim.com.tr/bireysel/odemeler/2el-arac-alim-satim-islemleri,"2.El Araç Alım Satımı İşlemlerinde Güvenli Ödeme Sistemi Güvenli Ödeme Sistemi Nedir? İkinci el araç alış ve satış işlemlerinizi Katılım Mobil uygulamamız üzerinden rahatça yapabileceğiniz bir ödeme hizmetidir. 2.El Araç Alım Satım İşlemini Katılım Mobilden Nasıl Yapabilirim? Katılım Mobil, Ödemeler"
Ziraat Katılım,Katılma Hesabı,,,,,,,,,,,,,,,,https://www.ziraatkatilim.com.tr/bireysel/yatirim-ve-hazine-urunleri/finans-portali,Finans Portalı Kâr Payı Oranları 1 Ay % 3Ay % 6 Ay % 1 Yıl % 1 Ay % 3Ay % 6 Ay % 1 Yıl % 1 Ay % 3Ay % 6 Ay % 1 Yıl % 23.08.2026 03:45:17 tarihinde vadesi dolan TL/USD/EUR hesaplara dağıtılan yıllık brüt kâr payı oranlarıdır. Bankamız Verileri USD Amerikan Doları Alış Satış EUR Avrupa Para Birimi Alı
Ziraat Katılım,Deflasyon Nedir? Nedenleri ve Ekonomi Üzerindeki Etkileri,,,,,,,,,,,,,,,,https://www.ziraatkatilim.com.tr/blog/deflasyon-nedir-nedenleri-ve-ekonomi-uzerindeki-etkileri,"08 Mayıs 2026 Deflasyon Nedir? Nedenleri ve Ekonomi Üzerindeki Etkileri Fiyatların düşmesi ilk duyulduğunda kulağa hoş gelir; sonuçta satın alma gücü artar, alışveriş ucuzlar. Peki ekonomistler neden deflasyondan çoğu zaman enflasyondan daha çok endişe eder? Cevap, basit bir fiyat düşüşünden çok dah"
Ziraat Katılım,"IBAN Nedir? Sorgulama, Öğrenme ve Para Gönderme İşlemleri",,,,,,,,,,,,,,,,https://www.ziraatkatilim.com.tr/blog/iban-nedir-sorgulama-ogrenme-ve-para-gonderme-islemleri,"15 Mayıs 2026 IBAN Nedir? Sorgulama, Öğrenme ve Para Gönderme İşlemleri Bir arkadaşınıza para göndermek, kira ödemek ya da yurt dışından bir transfer almak istediğinizde karşınıza çıkan ilk soru aynıdır: ""IBAN ne, nereden bulurum, nasıl kullanırım?"" Bankacılık dilinde sıradan görünen bu kısaltma, he"
Ziraat Katılım,Kredi Notu Nedir? Nasıl Öğrenilir ve Yükseltilir?,,,,,,,,,,,,,,,,https://www.ziraatkatilim.com.tr/blog/kredi-notu-nedir-nasil-ogrenilir-ve-yukseltilir,"06 Mayıs 2026 Kredi Notu Nedir? Nasıl Öğrenilir ve Yükseltilir? Kredi başvurusu yaparken, kredi kartı çıkarırken, hatta bazen ev kiralarken ya da telefon hattı açarken kritik bir eşik vardır: kredi notu. Bankaların ve finans kuruluşlarının size olan bakış açısını doğrudan şekillendiren bu puan, fina"
Ziraat Katılım,MTV (Motorlu Taşıtlar Vergisi) Nedir? MTV Nasıl Ödenir?,,,,,,,,,,,,,,,,https://www.ziraatkatilim.com.tr/blog/mtv-motorlu-tasitlar-vergisi-nedir-mtv-nasil-odenir,"07 Temmuz 2026 2m MTV (Motorlu Taşıtlar Vergisi) Nedir? MTV Nasıl Ödenir? Motorlu Taşıtlar Vergisi (MTV), Türkiye’de belirli motorlu taşıtlar için düzenli olarak tahakkuk eden ve süresi içinde ödenmesi gereken bir vergi türüdür. MTV’yi doğru zamanda ödemek; gecikme maliyetlerinden kaçınmanızı, işlem"
Ziraat Katılım,Satılık Araçlar,,,,,,,,,,,,,,,,https://www.ziraatkatilim.com.tr/satilik-araclar,Satılık Araçlar İhale No : 130 Plaka : 55AER781 Marka / Model : Mercedes-Benz VITO Şehir : İstanbul Fiyat : 1.050.000 TL DETAYLI İNCELE İhale No : 133 Plaka : 06 AR 0542 Marka / Model : Ford Ranger Şehir : İstanbul Fiyat : 2.150.000 TL DETAYLI İNCELE İhale No : 134 Plaka : 34 MZS 228 Marka / Model :
Ziraat Katılım,Tarımsal Finansman Ürünleri,,,%100'e varan devlet destekli (sübvansiyonlu) finansman,,,,,,,,finansman,,,,"Bitkisel, hayvansal ve su ürünleri üretimi için devlet destekli sübvansiyon",https://www.ziraatkatilim.com.tr/tarim/tarimsal-finansman-%C3%BCr%C3%BCnleri,"Tarımsal Finansman Ürünleri Bitkisel Üretim Finansmanı Serada, bahçede, tarlada, kapalı ortamlarda bitkisel üretim faaliyetleriniz için %100’e varan devlet destekli (sübvansiyonlu) finansman imkânları Ziraat Katılım’da. Detaylı Bilgi Hayvansal Üretim Finansmanı Büyükbaş/küçükbaş besi hayvancılığı, s"
Ziraat Katılım,Tarımsal Finansman,,,%100'e varan sübvansiyon oranları,,,,,,,,finansman,,,"Tarımsal mekanizasyon, sulama sistemleri, traktör ve yenilenebilir enerji ekipmanları için; başvuru formu ile",,https://www.ziraatkatilim.com.tr/tarim/tarimsal-finansman-basvurusu,"Tarımsal Finansman Başvurusu Tarımsal Mekanizasyon ve ekipmanları, tarımsal sulama sistemleri, traktör ve tarımsal yenilenebilir enerji bayi ve firmaları; satışlarını yaptığınız ilgili ekipman ve araçların Bankamızca %100'e varan sübvansiyon oranları ile finanse edilmesini istiyorsanız aşağıda yer a"
Ziraat Katılım,Bankkart Ticari,,,,,,,,,,,,,,,,https://www.ziraatkatilim.com.tr/ticari/kartlar/ticari-kredi-karti,"Bankkart Ticari Bankkart Ticari Nedir? Bankkart Ticari, işletmelerin finansal yönetimini kolaylaştıran, karta özel limit tanımlama ve şirket harcamalarını kontrol altında tutma imkânı sağlayan kurumsal kredi kartıdır. Asıl karta bağlı sınırsız sayıda ek kart çıkararak tüm harcamaları tek merkezden y"
Ziraat Katılım,POS Hizmeti,,,1.500.000 TL'ye kadar,,,,,,01.08.2026,31.08.2026,diger,Diğer,,"Yeni üye iş yerleri için geçerli; son 3 ayda POS iptali yapılmamış olmalı; başvurular yalnızca şubeden; POS komisyonu %2,89; özel oran 3 ay boyunca uygulanır",,https://www.ziraatkatilim.com.tr/ticari/uye-isyeri-pos/anlasmalar-ve-kampanyalar/yeni-uye-isyeri-kazanimi-pos-kampanyasi,"Ağustos Ayı Özel! Yeni Üye İş Yeri Kazanım Kampanyası Ağustos Ayı Özel! Yeni Üye İş Yeri Kazanımı POS Kampanyası 1.500.000 TL’ye kadar sadece %2,89 komisyonla POS sahibi olun! 01 - 31 Ağustos 2026 tarihleri arasında şubelerimize başvurun, avantajlardan hemen yararlanın! Kampanya Detayları: Kampanya "
Ziraat Katılım,Katılma Hesabı,,,,,,,,,,,,,,,,https://www.ziraatkatilim.com.tr/ticari/yatirim-urunleri/finans-portali,Finans Portalı Kâr Payı Oranları 1 Ay % 3Ay % 6 Ay % 1 Yıl % 1 Ay % 3Ay % 6 Ay % 1 Yıl % 1 Ay % 3Ay % 6 Ay % 1 Yıl % 23.08.2026 03:51:57 tarihinde vadesi dolan TL/USD/EUR hesaplara dağıtılan yıllık brüt kâr payı oranlarıdır. Bankamız Verileri USD Amerikan Doları Alış Satış EUR Avrupa Para Birimi Alı
Ziraat Katılım,Yatırım Fonları,,,,,,,,,,,,,,,,https://www.ziraatkatilim.com.tr/ticari/yatirim-urunleri/yatirim-fonlari,"Yatırım Fonları Yatırım Fonları Nedir? Yatırım Fonları (Katılım Fonu), yatırımlarını faiz kazancı sağlanmayan para ve sermaye piyasası araçları ile değerlendirmek isteyen yatırımcılar için, portföyünün tamamı, devamlı olarak, kira sertifikaları, katılma hesapları, ortaklık payları, altın ve diğer kı"
Ziraat Katılım,Genel Kurul Toplantıları | Ziraat Katılım,,,,,,,,,,,,,,,,https://www.ziraatkatilim.com.tr/yatirimci-iliskileri/genel-kurul-toplantilari,Genel Kurul Toplantıları 09.04.2026 – 2025 Yılı Genel Kurul Toplantı Tutanağı 02.05.2025 – 2024 Yılı Genel Kurul Toplantı Tutanağı 06.06.2024 – 2023 Yılı Olağan Genel Kurul Toplantı Tutanağı 06.12.2023 – 2023 Yılı 2.Olağanüstü Genel Kurul Toplantı Tutanağı 03.08.2023 – 2022 Yılı Olağan Genel Kurul T
Ziraat Katılım,Kira Sertifikası,,,,,,,,,,,,,,,,https://www.ziraatkatilim.com.tr/yatirimci-iliskileri/kira-sertifikasi-ihraclarimiz,"Kira Sertifikası İhraçlarımız 15.000.000.000 TL Tutarına Kadar 1. Kira Sertifikası İhraç Tavanı Ziraat Katılım Bankası A.Ş.'nin fon kullanıcısı/kaynak kuruluş olarak yer alacağı, ihraççı Ziraat Katılım Varlık Kiralama A.Ş. tarafından 15.000.000.000 TL izahname kapsamında, tertipler halinde, çeşitli "
Ziraat Katılım,Zamanaşımına Uğrayacak Olan Hesaplar Hakkında | Ziraat Katılım,,,,,,,,,,,,,,,,https://www.ziraatkatilim.com.tr/zamanasimina-ugrayacak-hesaplar,"Zamanaşımına Uğrayacak Olan Hesaplar Hakkında 5411 sayılı Bankacılık Kanunu’nun 62. maddesine göre, Bankalar nezdindeki mevduat, katılım fonu, emanet ve alacaklardan hak sahibinin en son talebi, işlemi, herhangi bir yazılı talimatı tarihinden itibaren 10 yıl içinde aranmayanlar zamanaşımına tabidir."
Vakıf Katılım,TROY Kredi Kartı,,,,,,,,,02.01.2026,31.12.2026,kart,Kart Kampanyası,,2.000 TL - 700.000 TL arası eğitim harcamaları için geçerlidir; ödemeler bireysel Vakıf Katılım TROY Kredi Kartı ile yapılmalıdır,Eğitim harcamalarında vade farksız 5 taksit,https://www.vakifkatilim.com.tr/tr/kendim-icin/kampanyalar/detay/troyla-egitimde-vade-farksiz-5-taksit,Müşteri Ol Kendim İçin SİZE ÖZEL ÇÖZÜMLER ÜRÜN VE HİZMETLERİMİZ İşim İçin SİZE ÖZEL ÇÖZÜMLER ÜRÜN VE HİZMETLERİMİZ Hakkımızda Ana Sayfa Kendim İçin Kampanyalar TROY’la Eğitimde Vade Farksız 5 Taksit Kampanya Geçerlilik Tarihi 02 Ocak 2026 - 31 Aralık 2026 Kampanya Detayları 31 Aralık 2026 tarihine k
